Fall,College,Term Code,Department,Major Code,Total,Male,Female,Unknown,Caucasian,Asian American,African American,Hispanic,Native American,Hawaiian/Pacific Isl,Multiracial,International,All African American,All Asian,Legacy Advising Code,Legacy Department Code,YearTotal,StudentsPer100
1980,ACES,0,0,14337,3616,1933,1683,11,3240,62,64,25,21,0,0,193,0,0,148308,147457,21542,16.78581376
1980,Applied Health Sciences,0,0,0,744,266,478,3,675,4,35,5,4,0,0,18,0,0,57870,57870,21542,3.453718318
1980,Applied Life Sciences,0,0,698,46,18,28,2,33,1,3,1,0,0,0,6,0,0,7210,7210,21542,0.213536348
1980,Aviation,0,0,487,194,170,24,1,3,5,1,181,3,0,0,8,0,0,15630,15630,21542,0.900566336
1980,Business,0,0,1531,2285,2828,1845,15,2807,111,204,45,16,0,0,207,0,0,35435,35435,21542,10.60718596
1980,Education,0,0,0,1583,449,1134,35,1332,19,67,25,11,0,0,94,0,0,38414,38414,21542,7.348435614
1980,Engineering,0,0,1834,5127,4445,810,14,4387,279,142,68,16,0,0,399,0,0,113979,116052,21542,23.80001857
1980,Fine and Applied Arts,0,0,310,2737,1439,1298,21,2450,72,57,30,10,0,0,97,0,0,79766,79766,21542,12.70541268
1980,LAS,0,0,4957,3128,1982,1146,40,2604,213,263,91,10,0,0,304,0,0,167006,168696,21542,14.52047164
1980,Labor and Industrial Relations,0,0,0,79,47,32,1,29,64,1,8,5,0,0,50,0,0,6010,6010,21542,0.366725467
1980,Law,0,0,0,639,468,171,2,578,1,22,10,1,0,0,25,0,0,9030,9030,21542,2.966298394
1980,Media,0,0,5164,470,164,306,2,15,2,11,428,12,0,0,49,0,0,14046,14046,21542,2.181784421
1980,Social Work,0,0,730,315,69,246,1,279,3,15,8,2,0,0,7,0,0,13620,13620,21542,1.462259772
1980,VetMed,0,0,1913,437,261,176,1,401,3,2,2,1,0,0,27,0,0,22057,22057,21542,2.028595302
1980,iSchool,0,0,0,142,34,108,1,8,3,2,126,2,0,0,43,0,0,7410,7410,21542,0.659177421
1981,ACES,0,0,14294,3634,1933,1701,22,3237,65,63,29,14,0,0,204,0,0,142621,142277,22855,15.90024065
1981,Applied Health Sciences,0,0,0,759,290,469,8,687,5,32,1,1,0,0,25,0,0,50620,50620,22855,3.320936338
1981,Applied Life Sciences,0,0,349,39,15,24,2,30,0,2,0,0,0,0,5,0,0,3605,3605,22855,0.170640998
1981,Aviation,0,0,487,165,153,12,2,4,159,2,1,1,0,0,161,0,0,15630,15630,22855,0.721942682
1981,Business,0,0,1531,3408,2825,2016,12,2893,134,198,65,9,0,0,227,0,0,35435,35435,22855,14.91139794
1981,Education,0,0,0,1590,421,1169,46,1303,31,62,33,8,0,0,107,0,0,38414,38414,22855,6.95690221
1981,Engineering,0,0,1844,5202,4440,896,12,4479,314,132,73,10,0,0,347,0,0,116231,118304,22855,22.76088383
1981,Fine and Applied Arts,0,0,310,2785,1452,1333,18,2458,91,64,32,8,0,0,114,0,0,79766,79766,22855,12.18551739
1981,LAS,0,0,5265,3184,1984,1200,53,2577,233,261,95,12,0,0,377,0,0,166952,168642,22855,13.93130606
1981,Labor and Industrial Relations,0,0,0,64,40,24,2,43,3,57,21,2,0,0,0,0,0,6010,6010,22855,0.280026252
1981,Law,0,0,0,645,451,194,23,569,21,595,76,6,0,0,0,0,0,9030,9030,22855,2.822139576
1981,Media,0,0,5164,477,169,308,1,433,9,12,2,2,0,0,18,0,0,19666,19666,22855,2.087070663
1981,Social Work,0,0,730,316,57,259,8,270,5,16,4,3,0,0,10,0,0,13620,13620,22855,1.382629622
1981,VetMed,0,0,1913,439,257,182,4,393,5,2,3,1,0,0,31,0,0,22057,22057,22855,1.920805075
1981,iSchool,0,0,0,148,34,114,3,123,4,4,2,1,0,0,11,0,0,7410,7410,22855,0.647560709
1982,ACES,0,0,14291,3593,1898,1695,23,3202,75,49,29,7,0,0,208,0,0,139623,139279,22778,15.77399245
1982,Applied Health Sciences,0,0,0,742,260,482,10,663,6,29,6,1,0,0,27,0,0,57850,57850,22778,3.257529195
1982,Applied Life Sciences,0,0,698,40,10,30,3,31,0,1,0,0,0,0,5,0,0,7210,7210,22778,0.175608043
1982,Aviation,0,0,487,153,142,11,1,148,145,5,5,2,0,0,0,0,0,15630,15630,22778,0.671700764
1982,Business,0,0,1531,3469,2781,2096,16,2925,130,200,79,8,0,0,240,0,0,35435,35435,22778,15.22960752
1982,Education,0,0,0,1583,409,1174,82,1256,32,60,30,4,0,0,119,0,0,40415,40415,22778,6.949688296
1982,Engineering,0,0,1943,5040,4214,954,20,5256,367,148,84,10,0,0,283,0,0,115431,118195,22778,22.1266134
1982,Fine and Applied Arts,0,0,310,2731,1424,1307,29,2411,92,61,31,9,0,0,98,0,0,82191,82191,22778,11.98963913
1982,LAS,0,0,4957,3323,2979,1304,59,2617,265,238,96,11,0,0,419,0,0,163726,165416,22778,14.58863816
1982,Labor and Industrial Relations,0,0,0,74,43,31,1,8,1,4,54,6,0,0,29,0,0,6010,6010,22778,0.324874879
1982,Law,0,0,0,658,450,208,1,21,10,18,607,1,0,0,80,0,0,9030,9030,22778,2.888752305
1982,Media,0,0,5164,490,184,306,2,20,1,7,450,10,0,0,53,0,0,16856,16856,22778,2.151198525
1982,Social Work,0,0,730,293,64,229,25,12,5,5,234,12,0,0,21,0,0,6810,6810,22778,1.286328914
1982,VetMed,0,0,1913,434,250,184,5,388,5,2,3,1,0,0,30,0,0,22057,22057,22778,1.905347265
1982,iSchool,0,0,0,155,38,117,10,17,2,5,118,3,0,0,54,0,0,7410,7410,22778,0.680481166
1983,ACES,0,0,14639,3591,1867,1724,31,3142,89,54,32,3,0,0,240,0,0,144382,144038,22506,15.95574513
1983,Applied Health Sciences,0,0,0,672,271,401,5,600,11,18,7,1,0,0,30,0,0,72310,72310,22506,2.985870435
1983,Applied Life Sciences,0,0,698,62,22,40,1,55,1,2,0,1,0,0,2,0,0,7210,7210,22506,0.275482094
1983,Aviation,0,0,487,140,126,14,0,133,2,1,4,0,0,0,0,0,0,15630,15630,22506,0.622056341
1983,Business,0,0,1643,3368,2629,2131,26,2784,146,205,76,6,0,0,266,0,0,38050,38050,22506,14.96489825
1983,Education,0,0,0,1491,405,1086,56,1195,30,62,24,10,0,0,114,0,0,40415,40415,22506,6.624900027
1983,Engineering,0,0,1844,4945,4094,996,24,5144,430,167,95,6,0,0,285,0,0,113233,115997,22506,21.9719186
1983,Fine and Applied Arts,0,0,310,2643,1401,1242,30,2336,96,55,31,10,0,0,85,0,0,77363,77363,22506,11.74353506
1983,LAS,0,0,5265,3449,2936,1354,56,2700,259,235,107,8,0,0,446,0,0,170594,171845,22506,15.32480227
1983,Labor and Industrial Relations,0,0,0,70,39,31,0,56,2,5,0,0,0,0,7,0,0,6010,6010,22506,0.31102817
1983,Law,0,0,0,675,449,226,2,610,3,28,10,1,0,0,21,0,0,9030,9030,22506,2.999200213
1983,Media,0,0,5164,532,204,328,2,475,8,18,7,0,0,0,22,0,0,16856,16856,22506,2.363814094
1983,Social Work,0,0,730,273,57,216,18,230,3,10,2,1,0,0,9,0,0,6810,13620,22506,1.213009864
1983,VetMed,0,0,1913,412,234,178,6,373,6,1,4,1,0,0,21,0,0,22057,22057,22506,1.830622945
1983,iSchool,0,0,0,183,45,138,8,141,6,6,0,1,0,0,21,0,0,7410,7410,22506,0.813116502
1984,ACES,0,0,14588,3647,1880,1767,51,3111,96,55,42,7,0,0,285,0,0,147527,147183,22612,16.12860428
1984,Applied Health Sciences,0,0,0,739,288,451,31,641,9,15,11,1,0,0,31,0,0,68685,68685,22612,3.26817619
1984,Applied Life Sciences,0,0,698,94,32,62,3,78,4,4,1,1,0,0,3,0,0,7210,7210,22612,0.415708473
1984,Aviation,0,0,487,136,119,17,9,2,3,3,117,2,0,0,6,0,0,15630,15630,22612,0.601450557
1984,Business,0,0,1531,3048,2286,1969,45,2474,129,192,63,5,0,0,279,0,0,35435,35435,22612,13.47956837
1984,Education,0,0,0,1446,393,1053,63,1169,32,45,23,9,0,0,105,0,0,40415,40415,22612,6.394834601
1984,Engineering,0,0,1943,4880,4095,951,54,5037,474,149,87,6,0,0,293,0,0,111683,113756,22612,21.58146117
1984,Fine and Applied Arts,0,0,310,2649,1416,1233,78,2273,102,59,41,6,0,0,90,0,0,77391,77391,22612,11.71501857
1984,LAS,0,0,5265,3846,3113,1649,172,2928,292,243,96,12,0,0,463,0,0,175632,178359,22612,17.00866796
1984,Labor and Industrial Relations,0,0,0,65,33,32,2,38,6,55,27,2,0,0,0,0,0,6010,6010,22612,0.287457987
1984,Law,0,0,0,663,432,231,20,576,3,23,10,3,0,0,28,0,0,9030,9030,22612,2.932071466
1984,Media,0,0,5164,536,196,340,4,21,8,10,475,18,0,0,66,0,0,19676,19676,22612,2.370422784
1984,Social Work,0,0,730,278,52,226,20,233,3,9,3,1,0,0,9,0,0,6810,6810,22612,1.229435698
1984,VetMed,0,0,1913,401,226,175,6,358,7,1,4,1,0,0,24,0,0,22057,22057,22612,1.773394658
1984,iSchool,0,0,0,184,47,137,17,135,4,4,1,1,0,0,22,0,0,7410,7410,22612,0.813727224
1985,ACES,0,0,14588,3610,1864,1746,29,3077,88,57,40,7,0,0,312,0,0,139845,139501,23294,15.49755302
1985,Applied Health Sciences,0,0,0,727,315,412,16,620,17,21,14,3,0,0,36,0,0,65070,65070,23294,3.120975358
1985,Applied Life Sciences,0,0,698,100,35,65,1,90,3,5,1,0,0,0,0,0,0,7210,7210,23294,0.429295097
1985,Aviation,0,0,487,190,168,22,9,165,4,3,8,0,0,0,1,0,0,20840,20840,23294,0.815660685
1985,Business,0,0,1531,3232,2315,1999,52,3497,168,189,72,5,0,0,331,0,0,39208,38869,23294,13.87481755
1985,Education,0,0,0,1467,390,1077,56,1196,28,47,17,4,0,0,119,0,0,38414,38414,23294,6.29775908
1985,Engineering,0,0,1943,5136,4342,978,36,4235,591,169,105,7,0,0,323,0,0,121402,122784,23294,22.04859621
1985,Fine and Applied Arts,0,0,310,2741,1475,1266,67,2339,103,60,47,6,0,0,119,0,0,79816,79816,23294,11.76697862
1985,LAS,0,0,4957,4010,3171,1760,123,3045,294,295,114,11,0,0,512,0,0,172455,175173,23294,17.21473341
1985,Labor and Industrial Relations,0,0,0,62,31,31,1,53,0,2,0,0,0,0,6,0,0,6010,6010,23294,0.26616296
1985,Law,0,0,0,648,426,222,10,573,6,30,9,2,0,0,18,0,0,9030,9030,23294,2.781832231
1985,Media,0,0,5164,522,182,340,2,285,14,9,182,10,0,0,29,0,0,19676,19676,23294,2.240920409
1985,Social Work,0,0,730,282,55,227,23,226,4,11,4,1,0,0,13,0,0,6810,6810,23294,1.210612175
1985,VetMed,0,0,1913,394,216,178,6,354,6,2,3,1,0,0,22,0,0,22057,22057,23294,1.691422684
1985,iSchool,0,0,0,173,47,126,9,138,2,2,1,1,0,0,20,0,0,7410,7410,23294,0.742680519
1986,ACES,0,0,14588,3415,1786,1629,34,2856,88,59,30,6,0,0,342,0,0,139815,139471,24601,13.88154953
1986,Applied Health Sciences,0,0,0,684,293,391,13,589,15,30,5,2,0,0,30,0,0,61455,61455,24601,2.780374782
1986,Applied Life Sciences,0,0,698,132,38,94,2,110,5,10,2,0,0,0,3,0,0,7210,7210,24601,0.536563554
1986,Aviation,0,0,487,208,185,23,7,176,7,4,12,2,0,0,0,0,0,20840,20840,24601,0.845494086
1986,Business,0,0,1531,4327,2384,1943,49,3398,178,211,79,6,0,0,406,0,0,37168,37168,24601,17.58871591
1986,Education,0,0,0,1579,413,1166,50,1282,37,53,25,3,0,0,129,0,0,38414,38414,24601,6.418438275
1986,Engineering,0,0,1943,5324,4492,998,45,4296,625,183,133,6,0,0,392,0,0,118434,120507,24601,21.64139669
1986,Fine and Applied Arts,0,0,310,2678,1424,1254,65,2242,111,62,47,4,0,0,147,0,0,79816,79816,24601,10.88573635
1986,LAS,0,0,4957,4085,3248,1793,118,3064,346,336,126,15,0,0,529,0,0,169297,172015,24601,16.60501606
1986,Labor and Industrial Relations,0,0,0,81,40,41,2,69,0,4,2,0,0,0,4,0,0,6010,6010,24601,0.329254908
1986,Law,0,0,0,663,427,236,7,585,8,19,11,2,0,0,31,0,0,9030,9030,24601,2.695012398
1986,Media,0,0,5164,540,173,367,6,469,18,13,8,0,0,0,26,0,0,19676,19676,24601,2.195032722
1986,Social Work,0,0,730,270,54,216,23,214,6,9,5,2,0,0,11,0,0,13620,13620,24601,1.097516361
1986,VetMed,0,0,1913,409,210,199,4,373,7,1,1,1,0,0,22,0,0,22057,22057,24601,1.662534043
1986,iSchool,0,0,0,206,58,148,6,161,5,5,3,1,0,0,25,0,0,7410,7410,24601,0.837364335
1987,ACES,0,0,14000,3317,1753,1564,23,2730,95,57,31,4,0,0,377,0,0,137946,137602,24553,13.50955077
1987,Applied Health Sciences,0,0,0,675,288,387,9,581,18,20,8,2,0,0,37,0,0,54245,54245,24553,2.749154889
1987,Applied Life Sciences,0,0,698,154,50,104,4,128,9,8,3,0,0,0,2,0,0,7210,7210,24553,0.627214597
1987,Aviation,0,0,487,210,184,26,4,186,8,5,6,1,0,0,0,0,0,26050,26050,24553,0.855292632
1987,Business,0,0,1531,4299,2469,1830,33,3286,225,215,87,7,0,0,446,0,0,38869,38869,24553,17.50906203
1987,Education,0,0,0,1592,420,1172,39,1271,47,54,26,4,0,0,151,0,0,38414,38414,24553,6.483932717
1987,Engineering,0,0,1943,5368,4574,971,38,5174,699,193,156,7,0,0,449,0,0,112433,113815,24553,21.86290881
1987,Fine and Applied Arts,0,0,310,2724,1477,1247,52,2250,146,72,54,8,0,0,142,0,0,84631,84631,24553,11.09436729
1987,Graduate,0,0,0,1,1,0,0,0,0,0,0,0,0,0,1,0,0,2601,2601,24553,0.004072822
1987,LAS,0,0,4955,4088,3191,1829,104,2995,379,441,174,9,0,0,560,0,0,166079,168797,24553,16.64969657
1987,Labor and Industrial Relations,0,0,0,83,41,42,1,70,1,3,3,0,0,0,5,0,0,6010,6010,24553,0.338044231
1987,Law,0,0,0,645,394,251,5,564,7,24,15,0,0,0,30,0,0,9030,9030,24553,2.626970228
1987,Media,0,0,5164,526,166,360,1,455,0,24,4,18,0,0,24,0,0,19676,19676,24553,2.142304403
1987,Social Work,0,0,730,274,55,219,21,215,6,13,2,3,0,0,14,0,0,13620,13620,24553,1.115953244
1987,VetMed,0,0,1557,407,192,215,8,373,5,1,2,1,0,0,17,0,0,17656,17656,24553,1.657638578
1987,iSchool,0,0,0,190,42,148,4,150,6,4,2,0,0,0,24,0,0,7410,7410,24553,0.773836191
1988,ACES,0,0,13648,3233,1673,1560,43,2595,105,47,45,4,0,0,394,0,0,128146,128241,23459,13.78149111
1988,Applied Health Sciences,0,0,0,712,299,413,15,603,28,19,11,2,0,0,34,0,0,50630,50630,23459,3.035082484
1988,Applied Life Sciences,0,0,698,106,34,72,1,76,15,8,4,1,0,0,1,0,0,7210,7210,23459,0.451852168
1988,Aviation,0,0,487,202,178,24,9,175,5,2,9,1,0,0,1,0,0,26050,26050,23459,0.861076772
1988,Business,0,0,1531,3472,2629,1862,56,3274,267,261,108,4,0,0,521,0,0,40602,40602,23459,14.80028987
1988,Education,0,0,0,1600,425,1175,53,1257,46,58,35,7,0,0,144,0,0,38414,38414,23459,6.820410077
1988,Engineering,0,0,1943,5382,4605,940,37,4961,770,212,171,8,0,0,474,0,0,118435,120508,23459,22.9421544
1988,Fine and Applied Arts,0,0,310,2635,1419,1216,36,2170,138,77,58,10,0,0,146,0,0,87056,87056,23459,11.23236285
1988,LAS,0,0,4955,4126,2288,1838,123,2947,441,517,231,10,0,0,566,0,0,167805,168882,23459,17.58813249
1988,Labor and Industrial Relations,0,0,0,89,42,47,7,70,2,2,1,1,0,0,6,0,0,6010,6010,23459,0.379385311
1988,Law,0,0,0,619,378,241,11,530,9,27,17,0,0,0,4,0,0,9030,9030,23459,2.638646149
1988,Media,0,0,5164,528,167,361,4,448,19,20,7,3,0,0,27,0,0,19676,19676,23459,2.250735325
1988,Social Work,0,0,365,174,38,136,16,129,2,10,3,1,0,0,13,0,0,6810,6810,23459,0.741719596
1988,VetMed,0,0,1557,403,189,214,5,371,4,2,2,1,0,0,18,0,0,17656,17656,23459,1.717890788
1988,iSchool,0,0,0,178,51,127,5,134,4,4,2,0,0,0,29,0,0,7410,7410,23459,0.758770621
1989,ACES,0,0,13938,3148,1616,1532,41,2454,136,60,51,5,0,0,401,0,0,128340,128435,24137,13.04221734
1989,Applied Health Sciences,0,0,350,730,333,397,18,604,28,27,14,0,0,0,39,0,0,57840,57840,24137,3.02440237
1989,Applied Life Sciences,0,0,698,88,26,62,1,61,16,5,3,1,0,0,1,0,0,7210,7210,24137,0.364585491
1989,Aviation,0,0,487,200,170,30,3,168,12,4,10,2,0,0,1,0,0,26050,26050,24137,0.828603389
1989,Business,0,0,1531,4479,2690,1789,45,3146,294,274,155,2,0,0,563,0,0,40602,40602,24137,18.5565729
1989,Education,0,0,0,1505,360,1145,68,1180,43,40,28,5,0,0,141,0,0,38414,38414,24137,6.235240502
1989,Engineering,0,0,1943,5203,5391,862,39,4565,740,235,186,9,0,0,479,0,0,118457,120530,24137,21.55611716
1989,Fine and Applied Arts,0,0,310,2541,1371,1170,42,2082,143,75,67,8,0,0,124,0,0,89461,89461,24137,10.52740606
1989,LAS,0,0,4955,4179,3267,1883,117,2876,488,562,232,10,0,0,644,0,0,174293,175370,24137,17.31366781
1989,Labor and Industrial Relations,0,0,0,85,31,54,4,68,2,6,1,0,0,0,4,0,0,6010,6010,24137,0.35215644
1989,Law,0,0,0,612,364,248,17,514,10,33,15,2,0,0,21,0,0,9030,9030,24137,2.53552637
1989,Media,0,0,5164,549,180,369,5,455,14,32,12,1,0,0,30,0,0,19676,19676,24137,2.274516303
1989,Social Work,0,0,730,233,40,193,8,190,8,7,2,1,0,0,17,0,0,13620,13620,24137,0.965322948
1989,VetMed,0,0,1557,405,183,222,2,374,4,2,2,2,0,0,19,0,0,17656,17656,24137,1.677921863
1989,iSchool,0,0,0,180,57,123,10,139,4,1,2,0,0,0,24,0,0,7410,7410,24137,0.74574305
1990,ACES,0,0,13930,3159,1657,1502,41,2429,142,68,60,6,0,0,413,0,0,126406,126940,23473,13.45801559
1990,Applied Health Sciences,0,0,350,694,343,351,17,553,37,31,11,3,0,0,42,0,0,61455,61455,23473,2.956588421
1990,Applied Life Sciences,0,0,698,112,37,75,2,85,14,7,0,1,0,0,3,0,0,7210,7210,23473,0.477143953
1990,Aviation,0,0,487,216,187,29,4,187,7,5,12,1,0,0,0,0,0,20840,20840,23473,0.920206194
1990,Business,0,0,1531,3569,2884,1772,56,3165,372,321,164,4,0,0,574,0,0,40602,40602,23473,15.20470328
1990,Education,0,0,0,1567,364,1203,72,1185,54,69,36,3,0,0,148,0,0,38414,38414,23473,6.675755123
1990,Engineering,0,0,1943,5191,5402,834,47,4459,783,239,185,9,0,0,514,0,0,113959,116032,23473,22.11477016
1990,Fine and Applied Arts,0,0,310,2509,1364,1145,53,2018,169,84,70,9,0,0,106,0,0,87056,87056,23473,10.68887658
1990,LAS,0,0,4955,4294,2354,1940,116,2806,545,601,300,13,0,0,728,0,0,167802,168879,23473,18.29335833
1990,Labor and Industrial Relations,0,0,0,108,44,64,1,84,3,10,3,0,0,0,7,0,0,6010,6010,23473,0.460103097
1990,Law,0,0,0,622,401,221,24,494,12,44,23,3,0,0,22,0,0,9030,9030,23473,2.649853023
1990,Media,0,0,5164,541,202,339,9,427,16,43,15,1,0,0,30,0,0,19676,19676,23473,2.3047757
1990,Social Work,0,0,730,292,48,244,37,219,9,6,3,1,0,0,17,0,0,13620,13620,23473,1.243982448
1990,VetMed,0,0,1557,397,174,223,6,354,4,7,3,1,0,0,22,0,0,17656,17656,23473,1.691304904
1990,iSchool,0,0,0,202,65,137,15,151,2,3,1,0,0,0,30,0,0,7410,7410,23473,0.8605632
1991,ACES,0,0,13938,3254,1720,1534,29,2467,164,87,69,7,0,0,431,0,0,126730,127264,24978,13.02746417
1991,Applied Health Sciences,0,0,350,746,360,386,21,599,41,34,11,1,0,0,39,0,0,61455,61455,24978,2.986628233
1991,Applied Life Sciences,0,0,698,120,40,80,7,84,14,10,1,1,0,0,3,0,0,7210,7210,24978,0.480422772
1991,Aviation,0,0,487,213,185,28,6,184,10,3,7,3,0,0,0,0,0,20840,20840,24978,0.85275042
1991,Business,0,0,1531,3561,2890,1809,51,3131,397,301,158,3,0,0,658,0,0,38869,38869,24978,14.25654576
1991,Education,0,0,0,1642,371,1271,57,1248,57,90,35,4,0,0,151,0,0,40415,40415,24978,6.573784931
1991,Engineering,0,0,1834,6237,5386,851,30,4433,827,225,193,6,0,0,523,0,0,116189,118262,24978,24.96997358
1991,Fine and Applied Arts,0,0,310,2633,1410,1223,54,2053,204,90,86,4,0,0,142,0,0,84631,84631,24978,10.54127632
1991,LAS,0,0,5263,4306,2375,1931,128,2804,571,561,329,8,0,0,744,0,0,170966,172043,24978,17.23917047
1991,Labor and Industrial Relations,0,0,0,122,48,74,2,94,2,8,6,0,0,0,10,0,0,6010,6010,24978,0.488429818
1991,Law,0,0,0,642,421,221,9,511,16,52,19,4,0,0,31,0,0,9030,9030,24978,2.57026183
1991,Media,0,0,5164,531,193,338,5,416,21,51,15,2,0,0,21,0,0,19676,19676,24978,2.125870766
1991,Social Work,0,0,730,326,57,269,21,268,9,9,6,0,0,0,13,0,0,6810,6810,24978,1.305148531
1991,VetMed,0,0,1557,410,178,232,3,358,5,7,6,1,0,0,30,0,0,17656,17656,24978,1.641444471
1991,iSchool,0,0,0,235,70,165,7,181,3,10,1,1,0,0,32,0,0,7410,7410,24978,0.940827929
1992,ACES,0,0,14350,3310,1705,1605,34,2488,185,85,67,5,0,0,446,0,0,132390,132485,24911,13.2873028
1992,Applied Health Sciences,0,0,350,788,387,401,25,604,44,51,13,3,0,0,48,0,0,54215,54215,24911,3.16326121
1992,Applied Life Sciences,0,0,698,128,32,96,2,89,18,14,4,0,0,0,1,0,0,7210,7210,24911,0.513829232
1992,Aviation,0,0,487,212,180,32,2,185,9,4,11,1,0,0,0,0,0,20840,20840,24911,0.851029666
1992,Business,0,0,1531,3530,2875,1791,54,2989,405,266,158,3,0,0,791,0,0,54465,54465,24911,14.17044679
1992,Education,0,0,0,1541,357,1184,58,1152,51,102,38,4,0,0,136,0,0,38414,38414,24911,6.186022239
1992,Engineering,0,0,1943,6251,5388,863,45,4369,873,230,213,6,0,0,515,0,0,118414,120487,24911,25.09333226
1992,Fine and Applied Arts,0,0,310,2577,1333,1244,58,1938,208,93,97,6,0,0,177,0,0,87056,87056,24911,10.34482759
1992,LAS,0,0,5263,4368,3358,1982,121,2856,512,528,389,8,0,0,778,0,0,174219,175296,24911,17.53442254
1992,Labor and Industrial Relations,0,0,0,108,33,75,2,80,5,8,2,0,0,0,11,0,0,6010,6010,24911,0.433543415
1992,Law,0,0,0,630,393,237,9,481,27,61,29,1,0,0,22,0,0,9030,9030,24911,2.529003252
1992,Media,0,0,5164,503,183,320,4,380,31,59,13,1,0,0,15,0,0,19676,19676,24911,2.01918831
1992,Social Work,0,0,730,335,55,280,20,269,9,20,5,1,0,0,11,0,0,13620,13620,24911,1.344787443
1992,VetMed,0,0,1557,405,161,244,5,349,9,7,9,2,0,0,24,0,0,17656,17656,24911,1.625787805
1992,iSchool,0,0,0,225,59,166,11,176,2,7,3,1,0,0,25,0,0,7410,7410,24911,0.903215447
1993,ACES,0,0,14687,3399,1709,1690,47,2532,200,91,66,7,0,0,456,0,0,123988,125002,25431,13.36557744
1993,Applied Health Sciences,0,0,350,836,398,438,25,630,51,71,17,3,0,0,39,0,0,61455,61455,25431,3.287326491
1993,Applied Life Sciences,0,0,698,123,33,90,1,95,6,10,7,0,0,0,4,0,0,7210,7210,25431,0.483661673
1993,Aviation,0,0,487,208,171,37,7,168,11,5,15,1,0,0,1,0,0,20840,20840,25431,0.817899414
1993,Business,0,0,1531,3533,2843,1824,52,2941,414,251,148,2,0,0,859,0,0,56166,56166,25431,13.89249341
1993,Education,0,0,0,1579,382,1197,65,1184,56,100,37,6,0,0,131,0,0,38414,38414,25431,6.208957571
1993,Engineering,0,0,1834,6452,5522,930,56,4442,930,233,245,8,0,0,538,0,0,111698,113771,25431,25.37061067
1993,Fine and Applied Arts,0,0,310,2625,1338,1287,71,1976,204,82,102,8,0,0,182,0,0,87056,87056,25431,10.32204789
1993,LAS,0,0,5571,4427,3431,1970,120,2856,587,541,400,10,0,0,768,0,0,174173,175250,25431,17.40788801
1993,Labor and Industrial Relations,0,0,0,110,33,77,2,73,7,13,5,0,0,0,10,0,0,6010,6010,25431,0.432542959
1993,Law,0,0,0,619,369,250,10,459,34,64,25,0,0,0,27,0,0,9030,9030,25431,2.434037199
1993,Media,0,0,5164,502,185,317,4,374,36,47,20,0,0,0,21,0,0,19676,19676,25431,1.973968778
1993,Social Work,0,0,730,334,56,278,15,269,9,20,4,1,0,0,16,0,0,13620,13620,25431,1.313357713
1993,VetMed,0,0,1557,427,169,258,9,361,10,8,12,2,0,0,25,0,0,17656,17656,25431,1.679053124
1993,iSchool,0,0,0,257,76,181,13,189,4,12,5,3,0,0,31,0,0,7410,7410,25431,1.010577641
1994,ACES,0,0,13997,3415,1707,1708,40,2551,196,113,77,7,0,0,431,0,0,117544,118558,24463,13.95985774
1994,Applied Health Sciences,0,0,350,836,375,461,20,642,47,70,22,2,0,0,33,0,0,65070,65070,24463,3.417405878
1994,Applied Life Sciences,0,0,698,102,29,73,2,71,17,6,4,0,0,0,2,0,0,7210,7210,24463,0.41695622
1994,Aviation,0,0,487,208,173,35,9,164,11,9,15,0,0,0,0,0,0,20840,20840,24463,0.850263663
1994,Business,0,0,1452,3473,2718,1796,51,2817,402,222,161,6,0,0,855,0,0,51010,51010,24463,14.1969505
1994,Education,0,0,0,1521,368,1153,52,1113,55,121,45,5,0,0,130,0,0,46553,46553,24463,6.217553039
1994,Engineering,0,0,1735,5551,5619,941,50,4423,1026,222,244,10,0,0,585,0,0,111719,113792,24463,22.69141152
1994,Fine and Applied Arts,0,0,310,2601,1305,1296,61,1946,212,81,115,5,0,0,181,0,0,84631,84631,24463,10.6323836
1994,LAS,0,0,4955,4500,2498,2002,151,2729,708,590,420,12,0,0,708,0,0,174195,175272,24463,18.39512734
1994,Labor and Industrial Relations,0,0,0,102,32,70,1,70,6,9,7,0,0,0,9,0,0,6010,6010,24463,0.41695622
1994,Law,0,0,0,610,349,261,8,434,46,67,27,1,0,0,27,0,0,9030,9030,24463,2.493561705
1994,Media,0,0,5164,513,183,330,4,373,33,39,32,1,0,0,31,0,0,19676,19676,24463,2.097044516
1994,Social Work,0,0,730,332,52,280,15,265,12,20,2,0,0,0,18,0,0,13620,13620,24463,1.357151617
1994,VetMed,0,0,1557,428,152,276,12,367,12,8,10,3,0,0,16,0,0,17656,17656,24463,1.749581
1994,iSchool,0,0,0,271,91,180,14,203,8,8,2,0,0,0,36,0,0,7410,7410,24463,1.107795446
1995,ACES,0,0,14389,3375,1695,1680,31,2571,188,101,76,4,0,0,404,0,0,118780,120233,25480,13.24568289
1995,Applied Health Sciences,0,0,350,825,358,467,13,635,40,76,24,4,0,0,33,0,0,61455,61455,25480,3.237833595
1995,Applied Life Sciences,0,0,698,131,35,96,0,89,15,17,8,0,0,0,2,0,0,7210,7210,25480,0.514128728
1995,Aviation,0,0,487,199,157,42,5,166,13,2,13,0,0,0,0,0,0,20840,20840,25480,0.78100471
1995,Business,0,0,1452,3494,2718,1803,37,2795,436,236,183,9,0,0,825,0,0,51010,51010,25480,13.71271586
1995,Education,0,0,0,1518,368,1150,37,1118,58,127,45,3,0,0,130,0,0,46534,46534,25480,5.957613815
1995,Engineering,0,0,1943,6534,5570,964,66,4387,1019,231,230,9,0,0,592,0,0,120588,122661,25480,25.64364207
1995,Fine and Applied Arts,0,0,310,2654,1314,1340,53,1980,213,89,120,9,0,0,190,0,0,84646,84646,25480,10.41601256
1995,LAS,0,0,5263,4560,2466,2094,97,2803,733,663,441,12,0,0,720,0,0,174149,175226,25480,17.89638932
1995,Labor and Industrial Relations,0,0,0,109,32,77,2,76,1,12,5,2,0,0,11,0,0,6010,6010,25480,0.427786499
1995,Law,0,0,0,637,375,262,23,434,45,74,32,0,0,0,29,0,0,9030,9030,25480,2.5
1995,Media,0,0,5164,486,190,296,5,355,36,28,33,1,0,0,28,0,0,19676,19676,25480,1.907378336
1995,Social Work,0,0,730,294,51,243,32,215,29,21,3,4,0,0,15,0,0,13620,13620,25480,1.153846154
1995,VetMed,0,0,1557,429,153,276,1,371,13,8,12,2,0,0,22,0,0,17656,17656,25480,1.683673469
1995,iSchool,0,0,0,235,76,159,12,172,8,8,5,0,0,0,30,0,0,7410,7410,25480,0.922291994
1996,ACES,0,0,19076,3316,1597,1719,41,2547,163,115,76,5,0,0,369,0,0,127734,129187,26055,12.72692382
1996,Applied Health Sciences,0,0,4393,842,345,497,11,644,42,68,28,5,0,0,44,0,0,61465,61465,26055,3.231625408
1996,Applied Life Sciences,0,0,698,132,32,100,2,87,20,15,4,0,0,0,4,0,0,7210,7210,26055,0.50662061
1996,Aviation,0,0,487,178,146,32,5,145,14,4,9,1,0,0,0,0,0,20840,20840,26055,0.683170217
1996,Business,0,0,1508,4558,2710,1848,34,2769,453,235,180,11,0,0,876,0,0,51363,51363,26055,17.49376319
1996,Education,0,0,860,1466,361,1105,39,1078,68,111,42,5,0,0,123,0,0,56594,56594,26055,5.626559202
1996,Engineering,0,0,1844,6370,5349,1021,69,4212,982,217,246,15,0,0,629,0,0,116168,118241,26055,24.44828248
1996,Fine and Applied Arts,0,0,310,2690,1342,1348,45,2040,206,81,116,8,0,0,194,0,0,84646,84646,26055,10.32431395
1996,LAS,0,0,4955,4327,2319,2008,112,2563,764,686,412,12,0,0,702,0,0,170927,172004,26055,16.60717713
1996,Labor and Industrial Relations,0,0,0,123,44,79,0,85,2,15,3,1,0,0,17,0,0,6010,6010,26055,0.472078296
1996,Law,0,0,0,611,370,241,30,408,47,63,37,0,0,0,26,0,0,6020,6020,26055,2.34503934
1996,Media,0,0,5164,494,214,280,8,366,32,35,30,1,0,0,22,0,0,19676,19676,26055,1.895989254
1996,Social Work,0,0,730,276,41,235,38,180,9,27,7,2,0,0,13,0,0,13620,13620,26055,1.05929764
1996,VetMed,0,0,1557,432,146,286,1,380,11,7,10,0,0,0,23,0,0,17656,17656,26055,1.658031088
1996,iSchool,0,0,0,240,84,156,8,186,10,7,4,0,0,0,25,0,0,7410,7410,26055,0.921128382
1997,ACES,0,0,19076,3392,1561,1831,44,2605,160,123,81,8,0,0,371,0,0,179824,181277,25791,13.15187468
1997,Applied Health Sciences,0,0,4393,869,364,505,13,647,56,77,34,3,0,0,39,0,0,50620,50620,25791,3.369392424
1997,Applied Life Sciences,0,0,698,92,22,70,3,56,17,9,2,0,0,0,5,0,0,7210,7210,25791,0.356713582
1997,Aviation,0,0,487,157,131,26,5,120,18,4,9,1,0,0,0,0,0,20840,20840,25791,0.608739483
1997,Business,0,0,1711,4703,2793,1910,41,2840,473,215,182,6,0,0,946,0,0,69828,69828,25791,18.23504323
1997,Education,0,0,860,1277,294,983,29,931,58,99,36,5,0,0,119,0,0,56594,56594,25791,4.951339615
1997,Engineering,0,0,1844,6259,5219,1040,85,4102,951,180,264,13,0,0,664,0,0,106509,109273,25791,24.26815556
1997,Fine and Applied Arts,0,0,310,2672,1554,1372,58,2265,214,83,349,8,0,254,203,254,254,91876,91876,25791,10.36020317
1997,LAS,0,0,5263,4167,2150,2017,129,2403,764,733,394,12,0,0,672,0,0,171906,171946,25791,16.15679888
1997,Labor and Industrial Relations,0,0,0,117,49,68,2,77,4,12,6,0,0,0,16,0,0,6010,6010,25791,0.453646621
1997,Law,0,0,0,614,364,250,38,391,51,64,44,0,0,0,26,0,0,9030,9030,25791,2.380675429
1997,Media,0,0,5164,540,226,314,9,388,42,40,27,1,0,0,33,0,0,19676,19676,25791,2.093753635
1997,Social Work,0,0,1825,254,38,216,42,164,10,22,6,0,0,0,10,0,0,34050,34050,25791,0.984839673
1997,VetMed,0,0,1557,442,160,282,4,391,11,3,11,0,0,0,22,0,0,17656,17656,25791,1.713776123
1997,iSchool,0,0,0,236,77,159,5,186,7,5,5,1,0,0,27,0,0,44460,44460,25791,0.915047885
1998,ACES,0,0,19369,3373,1514,1859,39,2632,153,118,97,13,0,0,321,0,0,195753,197206,25469,13.24355098
1998,Applied Health Sciences,0,0,4393,883,349,534,12,659,65,69,38,3,0,0,37,0,0,43390,43390,25469,3.466959834
1998,Applied Life Sciences,0,0,698,78,20,58,0,56,11,9,0,0,0,0,2,0,0,7210,7210,25469,0.306254663
1998,Aviation,0,0,487,160,131,29,3,128,17,7,4,0,0,0,1,0,0,20840,20840,25469,0.628214692
1998,Business,0,0,1682,4756,2836,1920,56,2871,518,209,193,4,0,0,905,0,0,72837,72837,25469,18.67368173
1998,Education,0,0,860,1195,242,953,20,841,59,106,47,5,0,0,117,0,0,48474,48474,25469,4.691978484
1998,Engineering,0,0,1844,6190,5179,1011,100,3917,965,185,259,13,0,0,751,0,0,104226,106990,25469,24.30405591
1998,Fine and Applied Arts,0,0,310,2610,1529,1335,58,2218,213,68,350,10,0,254,201,254,254,101516,101516,25469,10.24775217
1998,Graduate,0,0,0,1,0,1,0,1,0,0,0,0,0,0,0,0,0,2601,2601,25469,0.003926342
1998,LAS,0,0,4955,3968,2059,1909,103,2319,771,720,410,16,0,0,682,0,0,171888,171928,25469,15.57972437
1998,Labor and Industrial Relations,0,0,0,104,35,69,1,66,5,13,8,0,0,0,11,0,0,6010,6010,25469,0.40833955
1998,Law,0,0,0,603,363,240,45,373,45,64,47,2,0,0,27,0,0,6020,6020,25469,2.367584122
1998,Media,0,0,5164,572,205,367,7,393,47,53,32,1,0,0,39,0,0,19676,19676,25469,2.245867525
1998,Social Work,0,0,1825,289,47,242,52,179,10,28,7,0,0,0,13,0,0,34050,34050,25469,1.134712788
1998,VetMed,0,0,1557,444,147,297,6,398,8,1,9,0,0,0,22,0,0,17656,17656,25469,1.743295771
1998,iSchool,0,0,0,243,72,171,4,197,4,3,6,1,0,0,28,0,0,44460,44460,25469,0.954101064
1999,ACES,0,0,17793,3419,1537,1882,45,2660,158,121,84,12,0,0,339,0,0,177361,179253,25693,13.30712645
1999,Applied Health Sciences,0,0,4393,836,336,500,6,631,47,83,30,3,0,0,36,0,0,43390,43390,25693,3.253804538
1999,Applied Life Sciences,0,0,698,73,19,54,3,60,3,4,1,0,0,0,2,0,0,7210,7210,25693,0.28412408
1999,Aviation,0,0,487,183,155,28,5,154,7,8,7,1,0,0,1,0,0,10420,10420,25693,0.712256257
1999,Business,0,0,2006,4760,2834,1926,42,2846,561,196,189,6,0,0,920,0,0,74242,74242,25693,18.52644689
1999,Education,0,0,860,1286,234,1052,22,872,76,117,55,5,0,0,139,0,0,46454,46454,25693,5.005254349
1999,Engineering,0,0,1844,6206,5180,1026,93,3896,1030,183,231,7,0,0,766,0,0,100456,102529,25693,24.15443895
1999,Fine and Applied Arts,0,0,310,2618,1479,1393,51,2195,209,75,352,8,0,254,236,254,254,101501,101501,25693,10.18954579
1999,LAS,0,0,5263,3935,2019,1916,98,2261,779,689,433,15,0,0,725,0,0,175110,175150,25693,15.31545557
1999,Labor and Industrial Relations,0,0,0,129,42,87,0,92,3,17,4,0,0,0,13,0,0,12020,12020,25693,0.502082279
1999,Law,0,0,0,621,370,251,60,370,40,58,52,1,0,0,40,0,0,6020,6020,25693,2.41700074
1999,Media,0,0,5164,601,211,390,8,428,50,64,25,1,0,0,25,0,0,19676,19676,25693,2.339158526
1999,Social Work,0,0,1825,296,45,251,17,210,5,40,10,0,0,0,14,0,0,34050,34050,25693,1.152064765
1999,VetMed,0,0,1557,474,145,329,12,409,13,3,9,0,0,0,28,0,0,17656,17656,25693,1.844860468
1999,iSchool,0,0,0,256,81,175,5,197,5,12,7,1,0,0,29,0,0,29640,29640,25693,0.996380337
2000,ACES,0,0,9008,3437,1492,1945,61,2662,155,112,97,12,0,0,338,0,0,166983,167929,25939,13.25031805
2000,Applied Health Sciences,0,0,4393,877,328,549,11,653,47,97,33,2,0,0,34,0,0,39765,39765,25939,3.381009291
2000,Applied Life Sciences,0,0,698,90,18,72,3,73,6,3,2,0,0,0,3,0,0,7210,7210,25939,0.346967886
2000,Aviation,0,0,487,206,181,25,5,171,12,6,10,1,0,0,1,0,0,15630,15630,25939,0.79417094
2000,Business,0,0,2006,4754,2820,1934,63,2742,571,194,187,10,0,0,987,0,0,74242,74242,25939,18.32761479
2000,Education,0,0,860,1397,278,1119,54,917,83,121,58,5,0,0,159,0,0,36354,36354,25939,5.385712633
2000,Engineering,0,0,1943,6237,5214,1023,96,3805,1034,168,244,5,0,0,885,0,0,104923,106996,25939,24.04487451
2000,Fine and Applied Arts,0,0,310,2528,1440,1342,46,2118,185,67,350,2,0,254,268,254,254,103926,103926,25939,9.745942403
2000,LAS,0,0,4955,3999,2041,1958,110,2217,760,658,425,9,0,0,794,0,0,178225,178274,25939,15.41693974
2000,Labor and Industrial Relations,0,0,0,147,48,99,6,19,7,5,92,18,0,0,61,0,0,12020,12020,25939,0.566714214
2000,Law,0,0,0,639,390,249,64,384,42,52,52,1,0,0,44,0,0,6020,6020,25939,2.463471992
2000,Media,0,0,5164,575,174,401,8,412,45,55,27,0,0,0,28,0,0,19676,19676,25939,2.216739273
2000,Social Work,0,0,1825,283,38,245,47,16,13,1,176,30,0,0,39,0,0,34050,34050,25939,1.091021242
2000,VetMed,0,0,1557,480,145,335,12,25,8,12,419,4,0,0,109,0,0,22057,22057,25939,1.850495393
2000,iSchool,0,0,0,290,78,212,35,186,7,11,4,2,0,0,45,0,0,37050,37050,25939,1.118007633
2001,ACES,0,0,8712,3512,1478,2034,87,2703,144,111,96,6,0,0,365,0,0,153009,153955,27037,12.98960684
2001,Applied Health Sciences,0,0,4393,955,369,586,20,708,46,104,33,1,0,0,43,0,0,39765,39765,27037,3.532196619
2001,Applied Life Sciences,0,0,698,93,26,67,1,75,10,1,3,0,0,0,3,0,0,7210,7210,27037,0.343973074
2001,Aviation,0,0,487,242,216,26,5,2,11,11,206,7,0,0,20,0,0,15630,15630,27037,0.895069719
2001,Business,0,0,2006,5067,3027,2040,79,2903,589,190,191,12,0,0,1103,0,0,77640,77640,27037,18.74098458
2001,Education,0,0,860,1416,305,1111,48,917,84,109,64,2,0,0,192,0,0,36354,36354,27037,5.237267448
2001,Engineering,0,0,1943,6497,5480,1017,124,3794,1091,160,245,10,0,0,1073,0,0,102700,104773,27037,24.03003292
2001,Fine and Applied Arts,0,0,310,2462,1114,1348,68,1754,191,62,103,4,0,0,280,0,0,103921,103921,27037,9.106039871
2001,LAS,0,0,4955,4258,3104,2148,103,2315,744,674,429,10,0,0,898,0,0,188014,188063,27037,15.7487887
2001,Labor and Industrial Relations,0,0,0,145,51,94,8,94,8,17,4,1,0,0,13,0,0,12020,12020,27037,0.536302105
2001,Law,0,0,0,689,419,270,80,413,44,55,47,1,0,0,49,0,0,6020,6020,27037,2.548359655
2001,Media,0,0,5164,623,181,442,16,471,37,41,25,2,0,0,31,0,0,19676,19676,27037,2.304249732
2001,Social Work,0,0,1825,253,39,214,42,16,13,1,155,26,0,0,38,0,0,34050,34050,27037,0.935754707
2001,VetMed,0,0,1557,501,141,360,22,31,5,10,429,4,0,0,122,0,0,17656,17656,27037,1.853016237
2001,iSchool,0,0,0,324,79,245,53,45,6,4,204,12,0,0,116,0,0,29640,29640,27037,1.198357806
2002,ACES,0,0,8607,3616,1520,2096,91,2759,154,128,88,5,0,0,391,0,0,149003,149949,27835,12.99083887
2002,Applied Health Sciences,0,0,4393,986,388,598,18,716,57,104,36,2,0,0,53,0,0,46985,46985,27835,3.542302856
2002,Applied Life Sciences,0,0,698,85,26,59,0,62,14,5,3,0,0,0,1,0,0,7210,7210,27835,0.305370936
2002,Aviation,0,0,487,262,236,26,6,2,7,7,235,5,0,0,23,0,0,15630,15630,27835,0.941261002
2002,Business,0,0,1981,5000,3036,1964,84,2838,596,163,203,8,0,0,1108,0,0,77863,77863,27835,17.96299623
2002,Education,0,0,860,1502,312,1190,40,979,87,112,62,3,0,0,219,0,0,38394,38394,27835,5.396084067
2002,Engineering,0,0,1943,6609,5536,1073,121,3739,1134,158,250,6,0,0,1201,0,0,98922,100304,27835,23.74348841
2002,Fine and Applied Arts,0,0,310,2512,1158,1354,68,1740,195,95,114,7,0,0,293,0,0,106341,106341,27835,9.024609305
2002,LAS,0,0,4955,4640,3209,2395,118,2533,751,691,463,13,0,0,946,0,0,187993,188042,27835,16.6696605
2002,Labor and Industrial Relations,0,0,0,167,63,104,5,120,4,15,5,1,0,0,17,0,0,12020,12020,27835,0.599964074
2002,Law,0,0,0,686,390,296,70,43,42,59,417,55,0,0,156,0,0,6020,6020,27835,2.464523082
2002,Media,0,0,5164,660,188,472,20,478,47,46,33,1,0,0,35,0,0,19676,19676,27835,2.371115502
2002,Social Work,0,0,1460,285,41,244,46,15,15,1,181,27,0,0,39,0,0,27240,27240,27835,1.023890785
2002,VetMed,0,0,1557,488,138,350,26,36,5,10,404,7,0,0,117,0,0,17656,17656,27835,1.753188432
2002,iSchool,0,0,0,337,88,249,37,216,8,15,9,2,0,0,50,0,0,44460,44460,27835,1.210705946
2003,ACES,0,0,8607,3581,1545,2036,85,2654,171,131,92,8,0,0,440,0,0,142873,143819,28291,12.65773568
2003,Applied Health Sciences,0,0,4393,1036,384,652,15,725,53,139,55,4,0,0,45,0,0,46985,46985,28291,3.66194196
2003,Applied Life Sciences,0,0,698,101,26,75,0,69,12,14,4,1,0,0,1,0,0,7210,7210,28291,0.357003994
2003,Aviation,0,0,487,253,232,21,5,222,8,7,9,0,0,0,2,0,0,15630,15630,28291,0.894277332
2003,Business,0,0,2317,4845,2956,1889,77,2725,593,151,201,8,0,0,1090,0,0,82781,82781,28291,17.12558764
2003,Education,0,0,860,1520,328,1192,41,966,88,133,75,4,0,0,212,0,0,45695,45695,28291,5.372733378
2003,Engineering,0,0,1943,6803,5690,1113,128,3836,1139,143,239,9,0,0,1309,0,0,103425,104807,28291,24.04651656
2003,Fine and Applied Arts,0,0,310,2556,1406,1404,76,2065,180,83,366,6,0,254,288,254,254,106341,106341,28291,9.034675338
2003,LAS,0,0,4955,4970,2407,2563,137,2670,767,770,532,22,0,0,979,0,0,191281,191330,28291,17.56742427
2003,Labor and Industrial Relations,0,0,0,162,54,108,4,105,5,19,6,1,0,0,22,0,0,6010,6010,28291,0.572620268
2003,Law,0,0,0,694,382,312,56,412,83,59,41,1,0,0,42,0,0,6020,6020,28291,2.45307695
2003,Media,0,0,5164,663,198,465,20,450,62,45,41,0,0,0,45,0,0,19676,19676,28291,2.343501467
2003,Social Work,0,0,1825,299,32,267,27,208,2,32,12,2,0,0,16,0,0,34050,34050,28291,1.056873211
2003,VetMed,0,0,1557,493,134,359,29,395,12,6,10,0,0,0,41,0,0,17656,17656,28291,1.742603655
2003,iSchool,0,0,0,315,100,215,20,203,17,15,12,2,0,0,46,0,0,59280,59280,28291,1.113428299
2004,ACES,8283312,49127,3865,2665,1062,1600,3,2102,145,85,78,1,0,0,214,0,0,0,0,39516,6.744103654
2004,Applied Health Sciences,3001200,19005,9200,1681,559,1121,1,1234,73,211,88,5,0,0,60,0,0,0,0,39516,4.253973074
2004,Aviation,480192,2828,4573,259,237,22,0,219,13,7,12,0,0,0,4,0,0,0,0,39516,0.655430712
2004,Business,2521008,15282,21323,2507,1533,974,0,1466,325,92,126,3,0,0,444,0,0,0,0,39516,6.344265614
2004,Education,11164464,52335,14876,3466,1235,2230,1,2162,386,214,168,13,0,0,463,0,0,0,0,39516,8.771130681
2004,Engineering,6722688,30223,15954,7588,6407,1178,3,4201,1220,126,248,10,0,0,1666,0,0,0,0,39516,19.20234842
2004,Fine and Applied Arts,8283312,42877,15433,2692,1225,1465,2,1926,205,102,114,7,0,0,279,0,0,0,0,39516,6.812430408
2004,Graduate,120048,486,67,3,0,3,0,2,0,0,0,1,0,0,0,0,0,0,0,39516,0.007591862
2004,LAS,23049216,108769,85208,16216,7781,8423,12,9927,1930,1382,1238,51,0,0,1440,0,0,0,0,39516,41.03654216
2004,LN,360144,1914,1383,69,19,48,2,46,9,6,1,2,0,0,0,0,0,0,0,39516,0.174612815
2004,Labor and Industrial Relations,240096,1136,728,149,56,93,0,96,8,16,2,0,0,0,25,0,0,0,0,39516,0.377062456
2004,Law,480192,3412,1332,708,406,300,2,401,111,51,50,4,0,0,47,0,0,0,0,39516,1.79167932
2004,Media,720288,3336,1767,382,134,248,0,264,27,33,30,0,0,0,21,0,0,0,0,39516,0.966697034
2004,Social Work,600240,3789,805,395,117,278,0,311,5,42,15,1,0,0,12,0,0,0,0,39516,0.999595101
2004,VetMed,960384,4232,2995,469,122,347,0,368,16,5,10,0,0,0,35,0,0,0,0,39516,1.186861018
2004,iSchool,840336,6944,2590,267,79,188,0,184,14,10,12,2,0,0,38,0,0,0,0,39516,0.675675676
2005,ACES,7563654,45002,3810,2637,1076,1557,4,2075,164,89,82,1,0,0,196,0,0,0,0,40510,6.509503826
2005,Applied Health Sciences,4322088,27119,27834,1872,660,1211,1,1355,82,234,117,8,0,0,62,0,0,0,0,40510,4.621081215
2005,Aviation,720348,4242,5547,262,237,25,0,223,9,6,13,0,0,0,2,0,0,0,0,40510,0.646753888
2005,Business,2521218,15246,21205,2499,1533,962,4,1462,325,116,134,5,0,0,403,0,0,0,0,40510,6.168847198
2005,Education,11285452,52861,15504,3530,1298,2229,3,2193,334,208,198,17,0,0,516,0,0,0,0,40510,8.713897803
2005,Engineering,7203480,33480,32189,7439,6327,1106,6,4164,1146,128,244,14,0,0,1622,0,0,0,0,40510,18.36336707
2005,Fine and Applied Arts,8163944,42235,15483,2770,1279,1490,1,1987,219,87,124,8,0,0,288,0,0,0,0,40510,6.837817823
2005,Graduate,120058,486,67,4,0,4,0,2,0,1,0,0,0,0,0,0,0,0,0,40510,0.009874105
2005,LAS,24731948,114767,95040,17091,8257,8817,17,10499,2090,1368,1234,56,0,0,1538,0,0,0,0,40510,42.18958282
2005,LN,240116,1282,2498,86,29,57,0,57,7,7,7,1,0,0,0,0,0,0,0,40510,0.212293261
2005,Labor and Industrial Relations,240116,1136,728,141,51,90,0,82,10,15,5,1,0,0,25,0,0,0,0,40510,0.348062207
2005,Law,480232,3412,1332,668,397,270,1,366,121,39,49,4,0,0,51,0,0,0,0,40510,1.648975562
2005,Media,720348,3336,1767,410,146,264,0,267,29,39,41,0,0,0,27,0,0,0,0,40510,1.012095779
2005,Social Work,960464,6096,1560,381,105,276,0,289,5,45,21,1,0,0,13,0,0,0,0,40510,0.940508516
2005,VetMed,1080522,5105,3352,473,116,357,0,327,17,6,10,1,0,0,30,0,0,0,0,40510,1.167612935
2005,iSchool,720348,5952,2220,247,68,179,0,179,14,10,7,0,0,0,34,0,0,0,0,40510,0.609725994
2006,ACES,8284692,47667,5060,2724,1152,1570,2,2092,174,118,105,2,0,0,205,0,0,0,0,41180,6.614861583
2006,Applied Health Sciences,4682652,27334,36262,1942,646,1294,2,1412,97,207,125,10,0,0,65,0,0,0,0,41180,4.715881496
2006,Aviation,600340,3535,5060,266,241,25,0,227,12,6,13,0,0,0,3,0,0,0,0,41180,0.645944633
2006,Business,2881632,15294,50826,2658,1661,994,3,1495,298,131,166,9,0,0,480,0,0,0,0,41180,6.454589607
2006,Education,11646596,55685,43834,3631,1331,2294,6,2272,343,223,216,17,0,0,510,0,0,0,0,41180,8.817387081
2006,Engineering,7924488,37425,35165,7317,6201,1110,6,4026,1056,139,246,10,0,0,1725,0,0,0,0,41180,17.76833414
2006,Fine and Applied Arts,8885032,47176,19409,2818,1359,1457,2,1998,227,76,140,5,0,0,304,0,0,0,0,41180,6.843127732
2006,Graduate,120068,486,67,2,0,2,0,0,0,1,0,0,0,0,0,0,0,0,0,41180,0.004856727
2006,LAS,24613940,114933,101362,17231,8326,8887,18,10370,2117,1452,1312,58,0,0,1589,0,0,0,0,41180,41.84312773
2006,LN,120068,641,1249,70,20,50,0,50,7,5,4,0,0,0,0,0,0,0,0,41180,0.16998543
2006,Labor and Industrial Relations,240136,1136,728,170,55,115,0,87,12,23,7,1,0,0,36,0,0,0,0,41180,0.412821758
2006,Law,480272,3412,1332,668,412,255,1,297,104,36,49,3,0,0,56,0,0,0,0,41180,1.622146673
2006,Media,840476,4270,2157,600,216,384,0,421,46,47,47,3,0,0,27,0,0,0,0,41180,1.45701797
2006,NB,120068,593,67,1,0,1,0,1,0,0,0,0,0,0,0,0,0,0,0,41180,0.002428363
2006,Social Work,720408,4572,1170,340,98,241,1,253,10,39,22,0,0,0,13,0,0,0,0,41180,0.825643516
2006,VetMed,1440816,6745,4426,476,109,367,0,311,19,4,7,2,0,0,31,0,0,0,0,41180,1.155900923
2006,iSchool,840476,6944,2590,266,72,194,0,187,16,9,5,0,0,0,37,0,0,0,0,41180,0.645944633
2007,ACES,8165304,47129,5208,2711,1154,1554,3,2051,196,97,118,2,0,0,208,0,0,0,0,40923,6.624636512
2007,Applied Health Sciences,3842496,21091,33810,1983,660,1321,2,1424,133,197,122,11,0,0,67,0,0,0,0,40923,4.8456858
2007,Aviation,480312,2828,4993,238,215,23,0,194,10,8,15,0,0,0,6,0,0,0,0,40923,0.581580041
2007,Business,2881872,16638,42574,2611,1612,997,2,1440,305,144,180,9,0,0,459,0,0,0,0,40923,6.380275151
2007,DGS,120078,605,5083,83,50,33,0,54,11,8,6,0,0,0,1,0,0,0,0,40923,0.20281993
2007,Education,10927098,50372,46034,3514,1271,2235,8,2166,349,219,214,15,0,0,493,0,0,0,0,40923,8.586858246
2007,Engineering,7084602,33143,35333,7307,6145,1154,8,3987,1035,135,247,7,0,0,1782,0,0,0,0,40923,17.85548469
2007,Fine and Applied Arts,8645616,45336,23656,2784,1318,1466,0,1929,226,82,149,7,0,0,327,0,0,0,0,40923,6.803020306
2007,Graduate,120078,486,67,2,1,1,0,0,0,0,0,0,0,0,0,0,0,0,0,40923,0.004887227
2007,LAS,25816770,121106,99231,17168,8312,8834,22,10175,2185,1411,1321,49,0,0,1643,0,0,0,0,40923,41.95195856
2007,LN,240156,1282,2498,83,29,54,0,60,8,8,5,0,0,0,0,0,0,0,0,40923,0.20281993
2007,Labor and Industrial Relations,240156,1136,728,177,55,122,0,99,13,16,5,1,0,0,39,0,0,0,0,40923,0.43251961
2007,Law,360234,2559,947,635,370,265,0,322,73,45,38,2,0,0,73,0,0,0,0,40923,1.551694646
2007,Media,840546,4270,2157,529,171,358,0,383,34,45,38,0,0,0,25,0,0,0,0,40923,1.292671603
2007,Social Work,600390,3873,1485,351,118,232,1,254,16,40,18,1,0,0,16,0,0,0,0,40923,0.857708379
2007,VetMed,1561014,7343,4785,497,113,384,0,318,20,4,8,2,0,0,31,0,0,0,0,40923,1.214475967
2007,iSchool,840546,6944,2590,250,59,191,0,186,14,8,5,1,0,0,30,0,0,0,0,40923,0.610903404
2008,ACES,8165984,46807,9482,2717,1139,1575,3,2006,188,94,131,4,0,0,247,0,0,0,0,41495,6.547776841
2008,Applied Health Sciences,3362464,18018,32689,2086,711,1373,2,1441,143,240,148,20,0,0,63,0,0,0,0,41495,5.0271117
2008,Aviation,480352,2828,4573,209,185,24,0,161,14,7,16,0,0,0,8,0,0,0,0,41495,0.503675142
2008,Business,3722728,23544,94494,2802,1699,1099,4,1553,381,147,191,8,0,0,459,0,0,0,0,41495,6.752620798
2008,DGS,120088,605,5083,2016,1051,963,2,1163,279,176,156,3,0,0,194,0,0,0,0,41495,4.858416677
2008,Education,11408360,52469,53987,3603,1322,2276,5,2143,382,235,233,14,0,0,538,0,0,0,0,41495,8.682973852
2008,Engineering,8406160,41772,46846,7667,6402,1256,9,4036,1026,147,247,12,0,0,2075,0,0,0,0,41495,18.47692493
2008,Fine and Applied Arts,10567744,53223,36588,2856,1348,1508,0,1926,238,98,162,12,0,0,356,0,0,0,0,41495,6.882756959
2008,Graduate,120088,486,67,4,3,1,0,2,2,0,0,0,0,0,0,0,0,0,0,41495,0.009639716
2008,LAS,25098392,116996,130796,14894,7329,7551,14,8667,2006,1189,1093,36,0,0,1568,0,0,0,0,41495,35.89348114
2008,LN,240176,1282,2498,72,24,48,0,58,2,7,3,0,0,0,0,0,0,0,0,41495,0.173514881
2008,Labor and Industrial Relations,240176,1136,728,188,58,130,0,105,17,20,7,1,0,0,38,0,0,0,0,41495,0.453066635
2008,Law,480352,3412,1228,624,350,274,0,327,59,46,39,5,0,0,64,0,0,0,0,41495,1.503795638
2008,Media,840616,4270,2157,580,180,400,0,390,40,61,44,0,0,0,33,0,0,0,0,41495,1.397758766
2008,Social Work,480352,3090,1120,368,129,239,0,273,15,40,15,1,0,0,17,0,0,0,0,41495,0.886853838
2008,VetMed,1561144,7189,5030,517,119,398,0,315,17,6,11,2,0,0,29,0,0,0,0,41495,1.245933245
2008,iSchool,840616,6944,6246,292,80,212,0,201,26,11,8,2,0,0,37,0,0,0,0,41495,0.703699241
2009,ACES,7926468,45069,19616,2723,1138,1582,3,1947,171,103,118,5,0,0,310,0,0,0,0,41918,6.496016031
2009,Applied Health Sciences,3963234,21330,45128,2096,726,1366,4,1414,148,224,157,16,0,0,80,0,0,0,0,41918,5.000238561
2009,Aviation,480392,2828,4573,176,155,21,0,133,16,4,13,0,0,0,8,0,0,0,0,41918,0.41986736
2009,Business,3723038,24272,104603,2716,1619,1093,4,1437,384,137,168,5,0,0,499,0,0,0,0,41918,6.479316761
2009,DGS,120098,605,5083,3055,1563,1489,3,1831,403,271,253,4,0,0,212,0,0,0,0,41918,7.288038551
2009,Education,12370094,58048,105042,3613,1331,2279,3,2080,386,244,223,11,0,0,594,0,0,0,0,41918,8.619208932
2009,Engineering,9127448,46504,88005,8094,6714,1373,7,4074,1056,144,270,12,0,0,2369,0,0,0,0,41918,19.30912734
2009,Fine and Applied Arts,10088232,51169,35734,2768,1328,1440,0,1806,222,107,169,12,0,0,366,0,0,0,0,41918,6.603368481
2009,Graduate,120098,486,67,4,2,2,0,2,1,0,0,0,0,0,0,0,0,0,0,41918,0.00954244
2009,LAS,28223030,132498,189687,13857,6826,7016,15,7774,1874,1044,971,39,0,0,1749,0,0,0,0,41918,33.05739778
2009,LN,240196,1282,2498,101,31,70,0,74,7,11,4,0,0,0,0,0,0,0,0,41918,0.24094661
2009,Labor and Industrial Relations,240196,1136,728,191,58,133,0,93,16,14,9,0,0,0,55,0,0,0,0,41918,0.45565151
2009,Law,480392,3412,1228,707,390,317,0,396,57,48,31,5,0,0,116,0,0,0,0,41918,1.68662627
2009,Media,960784,4706,7358,601,182,419,0,378,44,63,40,1,0,0,47,0,0,0,0,41918,1.43375161
2009,Social Work,480392,3090,1120,389,149,240,0,277,14,37,19,1,0,0,26,0,0,0,0,41918,0.92800229
2009,VetMed,1561274,7189,5030,527,119,406,2,326,14,4,16,1,0,0,32,0,0,0,0,41918,1.25721647
2009,iSchool,840686,6944,6246,300,85,215,0,206,21,17,9,2,0,0,28,0,0,0,0,41918,0.715683
2010,ACES,9128208,52511,28785,2718,1151,1564,3,1910,150,103,130,4,5,36,356,116,0,0,0,41949,6.479296288
2010,Applied Health Sciences,4083672,22164,63724,2077,700,1374,3,1424,140,203,164,7,3,39,81,218,0,0,0,41949,4.951250328
2010,Aviation,480432,2828,4573,156,142,14,0,114,12,8,10,0,0,3,7,8,0,0,0,41949,0.37188014
2010,Business,3843456,23896,129264,2613,1548,1063,2,1392,360,115,150,1,1,37,532,124,0,0,0,41949,6.228992348
2010,DGS,120108,605,5083,2927,1553,1373,1,1757,377,214,268,5,8,51,233,233,0,0,0,41949,6.977520322
2010,Education,11890692,56094,109068,3716,1360,2355,1,2080,430,243,209,5,5,41,685,263,0,0,0,41949,8.858375647
2010,Engineering,9008100,46853,93021,8620,7194,1417,9,4102,1152,127,303,11,11,138,2717,144,0,0,0,41949,20.54876159
2010,Fine and Applied Arts,10329288,52697,36085,2639,1217,1421,1,1697,208,103,168,2,2,53,380,119,0,0,0,41949,6.290972371
2010,Graduate,120108,486,67,14,5,9,0,7,3,1,2,0,0,1,0,1,0,0,0,41949,0.033373859
2010,LAS,29066136,135118,211365,13573,6803,6760,10,7628,1758,878,966,18,21,236,1926,977,0,0,0,41949,32.35595604
2010,LN,240216,1282,2498,101,38,63,0,73,12,10,2,0,0,1,0,10,0,0,0,41949,0.240768552
2010,Labor and Industrial Relations,240216,1136,728,178,57,121,0,73,15,15,6,0,0,2,64,15,0,0,0,41949,0.424324775
2010,Law,480432,3412,1228,735,403,332,0,429,61,42,41,4,1,13,120,44,0,0,0,41949,1.752127583
2010,Media,1321188,5816,22962,551,191,360,0,336,41,52,47,0,2,15,53,61,0,0,0,41949,1.313499726
2010,NB,120108,593,67,2,2,0,0,1,0,1,0,0,0,0,0,1,0,0,0,41949,0.004767694
2010,Social Work,1201080,7788,3310,456,173,283,0,322,23,46,32,0,0,8,23,51,0,0,0,41949,1.087034256
2010,VetMed,1681512,6839,19960,544,118,424,2,443,19,4,29,0,0,7,23,7,0,0,0,41949,1.296812796
2010,iSchool,720648,5952,5876,329,92,236,1,236,25,21,14,0,0,6,23,23,0,0,0,41949,0.78428568
2011,ACES,9849676,57220,39895,2793,1167,1625,1,1914,191,113,137,5,2,41,378,125,0,0,0,42606,6.55541473
2011,Applied Health Sciences,3963894,21583,63373,2215,743,1469,3,1472,192,209,188,6,5,44,86,224,0,0,0,42606,5.198798291
2011,Aviation,480472,2828,4573,98,92,6,0,74,9,3,7,0,0,3,2,3,0,0,0,42606,0.230014552
2011,Business,3363304,20924,109356,2746,1648,1097,1,1452,318,99,156,2,2,41,651,111,0,0,0,42606,6.445101629
2011,DGS,120118,605,5083,2927,1604,1323,0,1683,406,194,294,2,7,65,258,224,0,0,0,42606,6.869924424
2011,Education,11771564,57720,101009,3809,1356,2452,1,2080,439,236,244,9,6,53,725,260,0,0,0,42606,8.940055391
2011,Engineering,8888732,44609,101846,9012,7504,1505,3,4064,1293,123,327,7,8,161,2969,141,0,0,0,42606,21.15195043
2011,Fine and Applied Arts,9729558,48786,35085,2598,1211,1384,3,1567,212,103,181,4,4,62,445,120,0,0,0,42606,6.097732714
2011,Graduate,120118,486,67,27,14,13,0,20,3,1,2,0,0,0,1,1,0,0,0,42606,0.063371356
2011,LAS,29428910,135503,244324,13374,6676,6689,9,7213,1733,869,947,18,21,261,2190,981,0,0,0,42606,31.38994508
2011,LM,120118,468,5094,2,2,0,0,1,0,0,0,0,0,1,0,0,0,0,0,42606,0.004694175
2011,LN,240236,1282,2498,104,30,74,0,87,8,3,4,0,0,0,0,3,0,0,0,42606,0.244097076
2011,Labor and Industrial Relations,240236,1136,728,191,56,135,0,81,18,18,7,0,0,3,62,18,0,0,0,42606,0.448293668
2011,Law,480472,3412,1228,729,402,327,0,407,60,49,58,2,2,15,118,53,0,0,0,42606,1.711026616
2011,Media,1681652,7346,38732,536,192,344,0,330,40,51,41,0,2,16,54,60,0,0,0,42606,1.258038774
2011,Social Work,1321298,8487,2995,567,229,338,0,377,31,62,49,0,0,12,33,67,0,0,0,42606,1.330798479
2011,VetMed,1921888,8585,30508,558,123,434,1,423,20,7,27,1,0,6,13,10,0,0,0,42606,1.309674694
2011,iSchool,720708,5952,5876,320,92,228,0,239,18,16,11,1,0,10,24,17,0,0,0,42606,0.751067925
2012,ACES,9850496,55681,55640,2969,1290,1679,0,1944,228,130,167,4,2,55,426,147,0,0,0,42883,6.923489495
2012,Applied Health Sciences,4324608,21855,69285,2271,751,1520,0,1478,217,212,211,3,3,46,87,237,0,0,0,42883,5.295804864
2012,Aviation,240256,1414,976,48,44,4,0,38,6,2,2,0,0,0,0,2,0,0,0,42883,0.111932467
2012,Business,3123328,19762,104208,2676,1596,1080,0,1327,348,115,146,0,4,43,674,130,0,0,0,42883,6.240235058
2012,DGS,120128,605,5083,2967,1747,1220,0,1597,439,227,344,0,6,75,267,265,0,0,0,42883,6.918825642
2012,Education,11772544,57312,105464,3882,1384,2498,0,2125,429,239,252,7,8,62,734,270,0,0,0,42883,9.052538302
2012,Engineering,8889472,44430,110912,9521,7853,1666,2,4017,1468,137,362,7,12,192,3283,162,0,0,0,42883,22.2022713
2012,Fine and Applied Arts,10210880,51259,35920,2444,1132,1311,1,1411,195,102,173,5,4,49,487,122,0,0,0,42883,5.699228132
2012,Graduate,120128,486,67,39,22,17,0,27,6,2,3,0,0,0,0,3,0,0,0,42883,0.09094513
2012,LAS,30512512,137582,271484,13101,6621,6473,7,6866,1745,786,962,17,20,277,2340,897,0,0,0,42883,30.55056782
2012,LM,120128,468,5094,14,14,0,0,6,0,0,0,0,0,1,7,0,0,0,0,42883,0.03264697
2012,LN,120128,641,1249,57,16,41,0,40,2,8,4,0,0,1,0,11,0,0,0,42883,0.132919805
2012,Labor and Industrial Relations,240256,1136,728,195,65,130,0,92,19,12,8,0,0,2,59,12,0,0,0,42883,0.454725649
2012,Law,480512,3412,1228,752,398,354,0,374,52,55,68,1,0,16,166,62,0,0,0,42883,1.753608656
2012,Media,1801920,8400,44098,521,201,319,1,315,32,56,46,0,1,16,52,64,0,0,0,42883,1.214933657
2012,Social Work,1321408,8487,2995,569,243,326,0,367,40,59,48,1,1,16,33,63,0,0,0,42883,1.326866124
2012,VetMed,1561664,6711,34229,542,120,420,2,410,16,6,22,1,0,5,7,7,0,0,0,42883,1.263904111
2012,iSchool,720768,5952,5876,315,90,225,0,243,13,12,13,1,0,6,26,14,0,0,0,42883,0.734556817
2013,ACES,8890212,49712,46243,3093,1326,1767,0,1996,250,133,221,1,3,72,402,167,0,0,0,43398,7.127056546
2013,Applied Health Sciences,3964554,20049,67086,2256,746,1510,0,1395,221,256,226,0,2,69,76,297,0,0,0,43398,5.198396239
2013,Aviation,240276,1414,556,29,23,6,0,24,2,2,1,0,0,0,0,2,0,0,0,43398,0.066823356
2013,Business,3363864,20894,119156,2706,1558,1147,1,1280,360,122,164,0,4,44,712,136,0,0,0,43398,6.235310383
2013,DGS,120138,605,5083,2786,1625,1161,0,1357,420,204,374,2,2,83,330,248,0,0,0,43398,6.419650675
2013,Education,11533248,56206,106335,3835,1392,2442,1,2015,442,226,246,4,7,64,811,263,0,0,0,43398,8.836812756
2013,Engineering,8169384,40248,105250,10039,8274,1763,2,3970,1618,126,431,9,11,216,3605,159,0,0,0,43398,23.13240241
2013,Fine and Applied Arts,10091592,50823,35679,2371,1092,1279,0,1309,193,95,164,4,3,51,529,122,0,0,0,43398,5.463385409
2013,Graduate,240276,1399,5161,62,42,20,0,39,9,1,4,0,1,1,6,1,0,0,0,43398,0.142863726
2013,LAS,31476156,143466,329020,13289,6926,6359,4,6564,1858,800,1082,13,17,301,2562,929,0,0,0,43398,30.62122678
2013,LN,120138,641,1249,57,18,39,0,35,10,8,0,0,0,0,0,8,0,0,0,43398,0.131342458
2013,Labor and Industrial Relations,240276,1136,728,195,65,129,1,88,19,12,6,0,1,5,61,13,0,0,0,43398,0.449329462
2013,Law,480552,3412,1228,670,338,332,0,310,53,45,62,0,1,12,168,53,0,0,0,43398,1.543849947
2013,Media,1561794,6820,38424,541,192,348,1,296,44,57,48,0,0,16,74,65,0,0,0,43398,1.246601226
2013,Social Work,1441656,9270,3360,622,246,376,0,405,44,61,57,1,2,17,31,70,0,0,0,43398,1.433245772
2013,VetMed,1441656,6429,33868,554,112,441,1,392,20,5,15,1,0,3,15,5,0,0,0,43398,1.276556523
2013,iSchool,600690,4960,5506,293,78,215,0,213,10,19,18,0,1,3,25,21,0,0,0,43398,0.67514632
2014,ACES,9131248,50012,55457,3096,1318,1778,0,1934,251,130,241,3,2,80,433,168,312,0,0,43603,7.10042887
2014,Applied Health Sciences,3964884,18462,75286,2254,732,1522,0,1357,251,266,229,1,3,59,75,310,286,0,0,43603,5.16936908
2014,Aviation,120148,707,489,3,3,0,0,2,0,0,1,0,0,0,0,0,0,0,0,43603,0.006880261
2014,Business,3243996,20022,104283,2701,1552,1149,0,1269,395,121,180,2,3,53,649,136,433,0,0,43603,6.194527899
2014,DGS,120148,605,5083,2649,1540,1109,0,1230,415,156,381,1,1,82,361,196,479,0,0,43603,6.07527005
2014,Education,10092432,48438,89523,3830,1416,2414,0,1921,444,204,248,3,4,65,913,239,490,0,0,43603,8.78379928
2014,Engineering,7929768,38970,105979,10421,8460,1960,1,3959,1718,131,444,8,10,224,3818,169,1947,0,0,43603,23.89973167
2014,Fine and Applied Arts,9852136,48819,35465,2290,1038,1252,0,1192,192,96,175,3,3,45,558,120,235,0,0,43603,5.251932206
2014,Graduate,240296,1399,5161,69,47,22,0,39,2,2,0,0,0,3,18,4,7,0,0,43603,0.158245992
2014,LAS,30397444,142093,347467,13430,7043,6385,2,6237,1997,823,1186,11,14,345,2681,971,2305,0,0,43603,30.80063298
2014,LN,120148,641,1249,47,12,35,0,30,4,3,5,0,0,1,2,3,4,0,0,43603,0.107790748
2014,Labor and Industrial Relations,240296,1136,728,208,63,145,0,73,25,20,10,2,1,3,73,22,28,0,0,43603,0.477031397
2014,Law,480592,3412,1332,582,317,265,0,267,56,38,48,0,1,12,127,46,64,0,0,43603,1.334770543
2014,Media,1682072,7870,43604,552,187,365,0,300,44,51,54,0,1,20,79,58,61,0,0,43603,1.265967938
2014,NB,120148,593,67,1,0,1,0,0,0,0,1,0,0,0,0,0,0,0,0,43603,0.00229342
2014,Social Work,1682072,10794,3750,634,256,378,0,393,52,64,74,1,1,16,30,79,60,0,0,43603,1.454028393
2014,VetMed,1321628,5831,33509,553,104,448,1,372,10,4,8,1,0,1,26,4,11,0,0,43603,1.268261358
2014,iSchool,720888,5952,5876,283,75,208,0,199,9,17,18,0,1,5,28,22,13,0,0,43603,0.64903791
2015,ACES,7930428,43596,57941,3060,1278,1782,0,1860,259,148,244,3,1,80,446,178,312,0,0,44087,6.940821557
2015,Applied Health Sciences,3965214,19134,65582,2181,699,1482,0,1266,253,248,255,3,3,60,79,279,297,0,0,44087,4.947036541
2015,Business,3604740,22056,119385,2844,1606,1238,0,1269,425,116,194,2,3,58,765,133,463,0,0,44087,6.450881212
2015,DGS,120158,605,5083,2790,1650,1140,0,1237,449,211,419,2,2,76,378,253,502,0,0,44087,6.328396126
2015,Education,13457696,66181,206150,3788,1392,2395,1,1816,448,214,264,4,4,76,933,248,498,0,0,44087,8.59210198
2015,Engineering,8531218,42561,116803,10732,8655,2076,1,3892,1914,128,486,8,7,263,3940,176,2151,0,0,44087,24.34277678
2015,Fine and Applied Arts,9973114,49620,37144,2321,1028,1292,1,1178,188,104,200,2,2,63,566,131,236,0,0,44087,5.264590469
2015,Graduate,240316,1399,5161,76,48,28,0,48,4,2,0,0,0,4,16,4,7,0,0,44087,0.172386418
2015,LAS,28717762,136009,310812,13450,6976,6474,0,5869,2139,784,1294,11,6,369,2881,953,2452,0,0,44087,30.50785946
2015,LN,240316,1282,2498,52,16,36,0,38,0,6,2,0,0,0,3,6,0,0,0,44087,0.117948602
2015,Labor and Industrial Relations,240316,1136,728,186,58,128,0,62,17,20,10,1,0,4,71,22,20,0,0,44087,0.421893075
2015,Law,600790,4265,6555,580,332,248,0,258,50,31,40,0,1,12,147,40,61,0,0,44087,1.315580557
2015,Media,1922528,8920,44161,515,179,336,0,267,43,51,59,0,1,19,73,61,58,0,0,44087,1.168144805
2015,NB,120158,593,67,1,1,0,0,0,0,1,0,0,0,0,0,1,0,0,0,44087,0.002268242
2015,Social Work,1562054,10011,3385,673,237,436,0,393,54,89,89,1,0,21,24,107,64,0,0,44087,1.526527094
2015,VetMed,1321738,5556,28594,567,94,472,1,422,20,2,16,0,0,5,25,3,24,0,0,44087,1.286093406
2015,iSchool,720948,5952,5876,271,73,198,0,193,6,12,20,0,0,5,34,17,10,0,0,44087,0.614693674
2016,ACES,7810920,43196,54922,3006,1220,1786,0,1793,259,142,272,3,2,73,447,172,322,0,0,44880,6.697860963
2016,Applied Health Sciences,4085712,19848,69625,2233,730,1503,0,1255,280,260,277,1,0,70,86,298,328,0,0,44880,4.975490196
2016,Business,3484872,21826,114504,2865,1594,1271,0,1279,446,105,202,1,2,58,754,124,484,0,0,44880,6.38368984
2016,DGS,120168,605,5083,3000,1756,1244,0,1219,454,331,484,3,1,90,410,377,517,0,0,44880,6.684491979
2016,Education,14299992,72245,307308,3670,1353,2317,0,1723,456,224,276,5,2,73,889,260,499,0,0,44880,8.177361854
2016,Engineering,10214280,50305,134016,11069,8744,2325,0,3794,2038,129,555,7,6,293,4141,189,2323,0,0,44880,24.66354724
2016,Fine and Applied Arts,10574784,53254,65996,2421,1079,1342,0,1175,211,120,227,2,2,62,614,152,253,0,0,44880,5.394385027
2016,Graduate,240336,1399,5161,70,44,26,0,45,4,2,0,0,0,3,15,3,7,0,0,44880,0.15597148
2016,LAS,28359648,129838,330335,13651,6929,6722,0,5734,2277,802,1407,10,10,385,2962,969,2594,0,0,44880,30.41666667
2016,LN,120168,641,1249,46,17,29,0,34,5,3,2,0,0,1,1,3,5,0,0,44880,0.102495544
2016,Labor and Industrial Relations,240336,1136,728,186,59,127,0,64,13,14,11,1,0,5,76,14,17,0,0,44880,0.414438503
2016,Law,600840,4265,6555,530,294,236,0,238,47,28,33,0,0,10,131,35,57,0,0,44880,1.180926916
2016,Media,1682352,7866,38598,506,180,326,0,258,52,57,57,1,1,20,60,68,67,0,0,44880,1.12745098
2016,NB,120168,593,67,12,10,2,0,7,2,2,1,0,0,0,0,2,2,0,0,44880,0.026737968
2016,Social Work,1562184,10095,4065,712,245,467,0,432,48,82,103,0,1,19,24,96,58,0,0,44880,1.586452763
2016,VetMed,1081512,4522,27995,598,92,506,0,484,30,4,21,1,0,10,20,7,38,0,0,44880,1.332442068
2016,iSchool,841176,6944,11457,305,81,223,1,187,11,12,21,0,0,3,70,17,14,0,0,44880,0.679590018
2017,ACES,8292282,44781,72337,3070,1206,1862,2,1819,243,169,303,3,1,74,444,202,301,0,0,47826,6.41910258
2017,Applied Health Sciences,4086052,20728,63327,2318,741,1577,0,1272,294,248,318,2,4,70,98,298,345,0,0,47826,4.846736085
2017,Business,3605340,23470,135155,3859,2268,1588,3,1804,661,159,292,1,3,72,761,190,767,0,0,47826,8.068832852
2017,DGS,240356,1210,10672,2867,1726,1141,0,1102,431,304,501,1,1,89,425,353,498,0,0,47826,5.994647263
2017,Education,15743318,80107,394570,3998,1432,2566,0,1897,471,301,321,4,6,87,875,351,528,0,0,47826,8.359469744
2017,Engineering,12137978,60253,158607,11530,9005,2524,1,3765,2257,156,606,5,4,308,4291,225,2583,0,0,47826,24.10822565
2017,Fine and Applied Arts,10575664,53914,69713,2481,1102,1378,1,1187,235,139,267,2,3,66,571,179,281,0,0,47826,5.187554886
2017,Graduate,240356,1399,5161,68,42,26,0,34,7,1,1,0,0,1,24,2,7,0,0,47826,0.142182077
2017,LAS,30044500,133388,456846,13946,7091,6851,4,5714,2343,781,1549,6,7,412,3059,969,2690,0,0,47826,29.1598712
2017,LN,240356,1282,2498,299,126,167,6,177,19,8,19,0,0,4,7,10,30,0,0,47826,0.625182955
2017,Labor and Industrial Relations,360534,1704,1092,258,90,168,0,96,27,30,16,0,0,7,78,33,30,0,0,47826,0.539455526
2017,Law,721068,5118,6836,545,318,227,0,264,46,23,28,0,0,10,141,27,54,0,0,47826,1.139547526
2017,Media,1802670,8800,44018,460,165,295,0,216,40,56,58,1,0,17,70,65,53,0,0,47826,0.961819931
2017,NB,120178,593,67,4,1,3,0,2,0,0,2,0,0,0,0,0,0,0,0,47826,0.008363652
2017,Social Work,2643916,17058,6670,772,251,521,0,486,46,92,102,0,0,20,22,106,58,0,0,47826,1.614184753
2017,VetMed,841246,3796,22299,609,95,514,0,494,28,6,32,0,0,15,22,10,41,0,0,47826,1.273365952
2017,iSchool,961424,7936,17038,742,211,527,4,449,23,26,24,0,0,16,196,32,33,0,0,47826,1.551457366
2018,ACES,8773724,47284,73148,3072,1223,1846,3,1783,236,175,349,3,2,68,439,207,291,0,0,49339,6.226311843
2018,Applied Health Sciences,3966204,20147,62977,2359,785,1573,1,1260,314,268,322,1,3,87,97,321,375,0,0,49339,4.781207564
2018,Business,4446956,29718,193047,4783,2887,1886,10,2199,902,204,385,2,5,92,742,247,1097,0,0,49339,9.694156752
2018,DGS,240376,1210,10672,2962,1746,1215,1,1076,452,311,581,3,1,86,441,366,527,0,0,49339,6.003364478
2018,Education,16105192,81516,426459,4325,1570,2752,3,2077,509,314,376,0,5,114,856,377,594,0,0,49339,8.765885
2018,Engineering,11778424,58493,155471,11463,8895,2565,3,3632,2438,152,618,6,8,323,4020,225,2875,0,0,49339,23.23314214
2018,Fine and Applied Arts,11057296,55968,97307,2479,1124,1353,2,1160,263,146,282,0,2,83,532,193,324,0,0,49339,5.02442287
2018,Graduate,360564,2312,5228,60,37,23,0,26,4,2,0,0,0,1,21,3,4,0,0,49339,0.121607653
2018,LAS,32330572,144083,533604,13952,7048,6900,4,5618,2330,814,1642,8,9,441,3022,1020,2703,0,0,49339,28.27783295
2018,LN,240376,1282,2498,399,170,222,7,210,41,18,27,0,1,7,8,23,53,0,0,49339,0.808690894
2018,Labor and Industrial Relations,360564,1704,1092,251,74,177,0,101,20,30,18,0,0,7,74,33,25,0,0,49339,0.508725349
2018,Law,1201880,8530,7960,487,269,218,0,260,45,17,36,0,0,10,104,20,54,0,0,49339,0.987048785
2018,Media,1562444,8208,43495,488,185,303,0,248,33,49,61,1,0,16,74,59,43,0,0,49339,0.989075579
2018,Medicine,120188,869,5641,32,15,15,2,8,16,2,3,0,0,0,0,2,16,0,0,49339,0.064857415
2018,NB,120188,593,67,3,0,2,1,1,0,0,1,0,0,0,0,1,0,0,0,49339,0.006080383
2018,Social Work,2283572,14709,5575,788,247,541,0,483,48,90,117,0,1,25,21,110,59,0,0,49339,1.597113845
2018,VetMed,841316,3796,22299,627,98,529,0,496,30,5,41,1,0,17,27,11,42,0,0,49339,1.270799976
2018,iSchool,961504,7936,17038,809,250,554,5,403,23,25,43,0,0,18,288,32,33,0,0,49339,1.639676524